;BW;RTT
10kpps;96.9;0.586
6kpps;100.0;0.5495000000000001
normal;96.30000000000001;0.624
8kpps;98.6;0.986
2kpps;98.2;0.9784999999999999
4kpps;99.2;0.872
